flyer,html_exists,pdf_exists,pdf_pages,page_width_pt,page_height_pt,a4_portrait,render_ok,html_a4,fixed_height_risk,absolute_footer_risk,qr_decoded_count,qr_values,auto_status,notes
flyer-bakery,True,True,1,595.28,841.89,True,True,True,True,True,2,https://lin.ee/YxJGXV6D | https://dpro-shop.com/,PASS,fixed-height+absolute-footer-risk
flyer-btype,True,True,1,594.96,841.92,True,True,True,True,True,3,https://lin.ee/YxJGXV6D | https://dpro-shop.com/ | https://dpromstk2000-lab.github.io/dpro-btype-line-liff/,PASS,fixed-height+absolute-footer-risk
flyer-buyback,True,True,1,594.96,841.92,True,True,True,True,True,2,https://dpro-shop.com/ | https://lin.ee/YxJGXV6D,PASS,fixed-height+absolute-footer-risk
flyer-cake,True,True,1,594.96,841.92,True,True,True,True,True,3,https://lin.ee/YxJGXV6D | https://dpro-shop.com/ | https://dpromstk2000-lab.github.io/dpro-cake-line-liff/index.html?demo=1&v=CAKE-16,PASS,fixed-height+absolute-footer-risk
flyer-car,True,True,1,594.96,841.92,True,True,True,True,True,2,https://lin.ee/YxJGXV6D | https://dpro-shop.com/,PASS,fixed-height+absolute-footer-risk
flyer-car-service,True,True,1,594.96,841.92,True,True,True,True,True,2,https://dpromstk2000-lab.github.io/line-shaken-liff/index-product-demo.html?v=step-ksh-next-10 | https://lin.ee/YxJGXV6D,PASS,fixed-height+absolute-footer-risk
flyer-careplan,True,True,1,595.28,841.89,True,True,True,True,True,3,https://lin.ee/YxJGXV6D | https://dpro-shop.com/ | https://dpromstk2000-lab.github.io/dpro-careplan-line/owner.html?v=CAREPLAN-10,PASS,fixed-height+absolute-footer-risk
flyer-caretaxi,True,True,1,594.96,841.92,True,True,True,True,True,2,https://dpro-shop.com/ | https://lin.ee/YxJGXV6D,PASS,fixed-height+absolute-footer-risk
flyer-chosashi,True,True,1,594.96,841.92,True,True,True,True,True,2,https://lin.ee/YxJGXV6D | https://dpro-shop.com/,PASS,fixed-height+absolute-footer-risk
flyer-cleaning,True,True,1,595.28,841.89,True,True,True,True,True,3,https://lin.ee/YxJGXV6D | https://dpro-shop.com/ | https://dpromstk2000-lab.github.io/dpro-cleaning-line-liff/demo-guide.html?v=cleaning-18,PASS,fixed-height+absolute-footer-risk
flyer-cosmetics,True,True,1,594.96,841.92,True,True,True,True,True,2,https://lin.ee/YxJGXV6D | https://dpro-shop.com/,PASS,fixed-height+absolute-footer-risk
flyer-daycare,True,True,1,594.96,841.92,True,True,True,True,True,1,https://lin.ee/YxJGXV6D,PASS,fixed-height+absolute-footer-risk
flyer-dental,True,True,1,594.96,841.92,True,True,True,True,True,2,https://dpro-shop.com/ | https://lin.ee/YxJGXV6D,PASS,fixed-height+absolute-footer-risk
flyer-disposal,True,True,1,594.96,841.92,True,True,True,True,True,1,https://dpromstk2000-lab.github.io/dpro-disposal-line-liff/index.html?demo=1&v=disposal-8-r2,PASS,fixed-height+absolute-footer-risk
flyer-estate,True,True,1,594.96,841.92,True,True,True,True,True,2,https://dpro-shop.com/ | https://lin.ee/YxJGXV6D,PASS,fixed-height+absolute-footer-risk
flyer-esthe,True,True,1,594.96,841.92,True,True,True,True,True,2,https://lin.ee/YxJGXV6D | https://dpro-shop.com/,PASS,fixed-height+absolute-footer-risk
flyer-eye,True,True,1,595.28,841.89,True,True,True,True,True,2,https://lin.ee/YxJGXV6D | https://dpro-shop.com/,PASS,fixed-height+absolute-footer-risk
flyer-flower,True,True,1,594.96,841.92,True,True,True,True,True,2,https://dpro-shop.com/ | https://dpromstk2000-lab.github.io/dpro-flower-line-liff/catalog.html?v=FLOWER-NEXT-11-R1,PASS,fixed-height+absolute-footer-risk
flyer-funeral,True,True,1,594.96,841.92,True,True,True,True,True,2,https://lin.ee/YxJGXV6D | https://dpro-shop.com/,PASS,fixed-height+absolute-footer-risk
flyer-gakudo,True,True,1,594.96,841.92,True,True,True,True,True,2,https://dpro-shop.com/ | https://lin.ee/YxJGXV6D,PASS,fixed-height+absolute-footer-risk
flyer-green-rental,True,True,1,594.96,841.92,True,True,True,True,True,2,https://dpro-shop.com/ | https://lin.ee/YxJGXV6D,PASS,fixed-height+absolute-footer-risk
flyer-gym,True,True,1,594.96,841.92,True,True,True,True,True,2,https://dpro-shop.com/ | https://lin.ee/YxJGXV6D,PASS,fixed-height+absolute-footer-risk
flyer-gyosei,True,True,1,595.28,841.89,True,True,True,True,True,1,https://dpromstk2000-lab.github.io/dpro-gyosei-permit-line/index.html?demo=1&v=GYOSEI-10,PASS,fixed-height+absolute-footer-risk
flyer-hair,True,True,1,594.96,841.92,True,True,True,True,True,2,https://lin.ee/YxJGXV6D | https://dpro-shop.com/,PASS,fixed-height+absolute-footer-risk
flyer-haishoku,True,True,1,594.96,841.92,True,True,True,True,True,2,https://lin.ee/YxJGXV6D | https://dpromstk2000-lab.github.io/dpro-senior-meal-delivery-line/owner.html?demo=1,PASS,fixed-height+absolute-footer-risk
flyer-homecare,True,True,1,594.96,841.92,True,True,True,True,True,3,https://lin.ee/YxJGXV6D | https://dpro-shop.com/ | https://dpromstk2000-lab.github.io/dpro-homecare-family-line/,PASS,fixed-height+absolute-footer-risk
flyer-homenursing,True,True,1,594.96,841.92,True,True,True,True,True,2,https://dpro-shop.com/ | https://lin.ee/YxJGXV6D,PASS,fixed-height+absolute-footer-risk
flyer-houkago,True,True,1,594.96,841.92,True,True,True,True,True,2,https://lin.ee/YxJGXV6D | https://dpro-shop.com/,PASS,fixed-height+absolute-footer-risk
flyer-housekeep,True,True,1,594.96,841.92,True,True,True,True,True,2,https://dpro-shop.com/ | https://lin.ee/YxJGXV6D,PASS,fixed-height+absolute-footer-risk
flyer-izakaya,True,True,1,594.96,841.92,True,True,True,True,True,3,https://lin.ee/YxJGXV6D | https://dpro-shop.com/ | https://izakaya-liff-demo.pages.dev/,PASS,fixed-height+absolute-footer-risk
flyer-medical,True,True,1,595.28,841.89,True,True,True,True,False,1,https://lin.ee/YxJGXV6D,PASS,
flyer-nail,True,True,1,594.96,841.92,True,True,True,True,True,2,https://dpro-shop.com/ | https://lin.ee/YxJGXV6D,PASS,fixed-height+absolute-footer-risk
flyer-pet-salon,True,True,1,594.96,841.92,True,True,True,True,True,1,https://dpromstk2000-lab.github.io/dpro-pet-salon-liff/,PASS,fixed-height+absolute-footer-risk
flyer-photo,True,True,1,594.96,841.92,True,True,True,True,True,1,https://lin.ee/YxJGXV6D,PASS,fixed-height+absolute-footer-risk
flyer-reform,True,True,1,594.96,841.92,True,True,True,True,True,3,https://dpro-shop.com/ | https://lin.ee/YxJGXV6D | https://dpromstk2000-lab.github.io/dpro-reform-line-liff/owner.html?demo=1&v=reform-10,PASS,fixed-height+absolute-footer-risk
flyer-repair,True,True,1,594.96,841.92,True,True,True,True,True,2,https://dpro-shop.com/ | https://lin.ee/YxJGXV6D,PASS,fixed-height+absolute-footer-risk
flyer-salesnavi,True,True,1,594.96,841.92,True,True,True,True,True,1,https://dpro-shop.com/,PASS,fixed-height+absolute-footer-risk
flyer-salon,True,True,1,594.96,841.92,True,True,True,True,True,2,https://dpro-shop.com/ | https://lin.ee/YxJGXV6D,PASS,fixed-height+absolute-footer-risk
flyer-school,True,True,1,594.96,841.92,True,True,True,True,True,2,https://dpro-shop.com/ | https://dpromstk2000-lab.github.io/dpro-school-line/owner.html?v=school-next-10,PASS,fixed-height+absolute-footer-risk
flyer-seitai,True,True,1,594.96,841.92,True,True,True,True,True,3,https://dpro-shop.com/ | https://lin.ee/YxJGXV6D | https://dpromstk2000-lab.github.io/dpro-seitai-line/index.html,PASS,fixed-height+absolute-footer-risk
flyer-sharoushi,True,True,1,594.96,841.92,True,True,True,True,True,2,https://lin.ee/YxJGXV6D | https://dpro-shop.com/,PASS,fixed-height+absolute-footer-risk
flyer-shiho,True,True,1,594.96,841.92,True,True,True,True,True,3,https://lin.ee/YxJGXV6D | https://dpro-shop.com/ | https://dpromstk2000-lab.github.io/dpro-shiho-inheritance-line-liff/index.html?demo=1&v=SHIHO-12-R1,PASS,fixed-height+absolute-footer-risk
flyer-sodan,True,True,1,594.96,841.92,True,True,True,True,True,3,https://lin.ee/YxJGXV6D | https://dpro-shop.com/ | https://dpromstk2000-lab.github.io/dpro-sodan-line/,PASS,fixed-height+absolute-footer-risk
flyer-stay,True,True,1,594.96,841.92,True,True,True,True,True,2,https://dpro-shop.com/ | https://lin.ee/YxJGXV6D,PASS,fixed-height+absolute-footer-risk
flyer-takeout,True,True,1,595.28,841.89,True,True,True,True,True,1,https://dpromstk2000-lab.github.io/dpro-takeout-line-liff/index.html?preview=1&v=takeout-18-check,PASS,fixed-height+absolute-footer-risk
flyer-tax,True,True,1,595.28,841.89,True,True,True,True,True,2,https://lin.ee/YxJGXV6D | https://dpro-shop.com/,PASS,fixed-height+absolute-footer-risk
flyer-vet,True,True,1,594.96,841.92,True,True,True,True,True,3,https://lin.ee/YxJGXV6D | https://dpro-shop.com/ | https://dpromstk2000-lab.github.io/DPRO-VET-QR/today-board.html?clinic_code=dpro_vet_demo&demo=ready&v=vet-today-board-1,PASS,fixed-height+absolute-footer-risk
flyer-welfare,True,True,1,594.96,841.92,True,True,True,True,True,1,https://lin.ee/YxJGXV6D,PASS,fixed-height+absolute-footer-risk
flyer-welfare-shuttle,True,True,1,594.96,841.92,True,True,True,True,True,2,https://lin.ee/YxJGXV6D | https://dpro-shop.com/,PASS,fixed-height+absolute-footer-risk
flyer-yakiniku,True,True,1,595.28,841.89,True,True,True,True,True,2,https://dpro-shop.com/ | https://lin.ee/YxJGXV6D,PASS,fixed-height+absolute-footer-risk
flyer-yoga,True,True,1,594.96,841.92,True,True,True,True,True,2,https://lin.ee/YxJGXV6D | https://dpro-shop.com/,PASS,fixed-height+absolute-footer-risk
